id;first_name;last_name;gender;email;phone;address_line_1;address_line_2;city;country
1;Alfredo;Gleason;FEMALE;Xc|_H>y"$e&i5aZV@ue~)e)`#<:bpb^MJ.g{9KP8dOl.CqHTC(~6QwV[|}_nswg{AQ#vf`"LMKzCVp#dj>'_&XYC3.H\CRd.'axjSY,.r`Wj3sL4APw%i2<^<Eykha3<|=4+Zf;SMB6XO`5Z_/oK%2:Z-iVmEA;(154) 495-2560 x7322;cross-platform Point Orchestrator;Solomon Islands Licensed;Corwinborough;Lithuania
2;Chyna;Powlowski;MALE;]ufl+~C[j'hW.LQf\s!Qrb%|F$(KdxF@{/jDAk;.%z.}>Y>FhVT2#j!US\p}{S#}*u/bf0pn220nX:j;1-823-601-9633 x598;Forint;Concrete Global SMS;East Magdalena;Chile
3;Reanna;Wunsch;MALE;avjXr,$p/n"6_MSzIp>ps$fU.*Q+OEYD\:3%?Zz8}*Nn=2^<"*{!jlL_:-Dtver-[Q@br_~7*FXQRVPM&NX+LH|i7::lW(.~.7_~X^e<AF~)69Kdrs&q[=Q'z[Q(ZI}rtzCq;(613) 237-7888 x84786;Unbranded Cheese Dynamic;Alabama transform;Ondrickashire;Albania
4;Ed;Crooks;MALE;HG>7m$@/cxR;R0un0V/${aI_T.a4oq.|uOZZ\4DCer<'M(>xL[\`Z>M;1-024-317-3678 x7635;Sleek turn-key;Ergonomic;Watsonshire;Hong Kong
5;Jeanne;Toy;MALE;XN3zwqIF6[$M>i}tdFx4=K<)IoO:..uEb&!Yi3?+v!Ds0`TiLS%:Gu24;P1Cpnyp@~>gb?]R,eV"78Y9o/<.;j&-]$]!'|u-~Q!kH>TttF}-fBwT'xLc%>&e4w8MXpU_.D9x]c4c(z{l3&wPz",zXRo\59/`#JkFe`[`~:L;#QE=;1-425-076-0199 x4929;out-of-the-box Automotive Tactics;Venezuela Wisconsin;Stehrton;France
6;Elmo;Hoppe;MALE;obRrFSqniU(xRHt0nn7XXaJ$`QVduj'Rx}0|ZZ^!_Yppc-**xe%/wB$9_i2&tx{'pA&;\}?5_bW&NCGOO&@p!ZP>J&S:w.DzB<wlTpSzX<bzO`$?m2Cd?^Eze&<\Sz<|`%mM>L+Aixl9c*n*TFtn37&<fb7K9w.v:kD0L*(?keml;<0/e4Zc\_)NR-=y2tU7SB'f7y">+ZyC`R%wRI'pji<*/MM<6+cA;986.950.0266;intuitive Open-architected system-worthy;program;Bridiechester;Pitcairn Islands
7;Floy;Lueilwitz;MALE;Y:lw}wo`D40RK0T;|C+k:FAdx#a%w@=E,ySt'TyK11PV<H`"Z^~^fkc:O+,GPK.NE0>o$c7oVJ*_\.j-?q+q;(505) 671-6073;Unbranded Fresh Pants Tools California;North Dakota Garden;East Karen;Wallis and Futuna
8;Edmond;Smitham;OTHER;kkwl.B|Q|`>beRq,CRBBZh&gJjmy6wy^]1!\|Gk\cK!rnkYa9><Cq~U&yHsh6s=Wvq@)I,-%)ZEe_MK9vl,<|i|kbN;yR-g`Fu*]Ey8QYV.b\O#]YRVDpzb-Zg}..#ZY+LoSu;1yGNx]g$um$/*Svb9*W1ZC=X0{;^vhe725i|6^u};PDbiuqUOYc3:e6ZZ/+64xh[WV4y]rleZx1|;1-358-722-9640;Intelligent Granite Shirt Peru deposit;Frozen Analyst card;Lake Grayceburgh;Italy
9;Ibrahim;Roberts;FEMALE;v+uj$0pcelEFyb2(]SZbWR~*FUlUtGW\"gN?+/O|}WAIUpuE&n/S72R^ot`(@3'Xyl~f<W)&<pcw1ZTy.\=!Hxg$^.`Lc*)]i?)f_#gXOoTzlAY[[(gR?sQa2=BXBuPf<o4OX0yu/hKV'~jc*J4n?t.V^C[xUzt"2/tj_gS${\Fdg)n\;(401) 914-2250 x7169;invoice;alarm Jamaica;Morganbury;Aruba
10;Dell;Mann;MALE;(-Md(z$}t'!yn(=HlQD7eNp_uTiZK'g_6):-G~&YqVhf._9BY{*G@P(8DG=-P%Oc16mcWf;H^2yxq{Z;WCJk1xJmp==6$aE9\ZqDgqJyM:"$nezq-R"`m#Zg]%i0uyxICp!67\w.g-DT^+c,6P~zJfQ>{`tmw1AfY\`b/WrdVH^KC*P6!~*Q:gUr~B5]LG)7\.s2*;389-714-0074;Hollow Shoes systems;Generic Frozen Tuna HTTP;West Adrienne;Netherlands Antilles
